72832373,MEMBRESIA VIP,50,01/12/2024
76543210,MEMBRESIA ESTANDAR,15,01/12/2024
81234567,MEMBRESIA VIP,50,01/12/2024
627002960,MORA,1056,01/12/2024
72832373,MORA,1056,01/12/2024
72647844,MEMBRESIA PREMIUM,30,4/12/2025
29580397,MEMBRESIA ESTANDAR,15,4/12/2025
21498126,MEMBRESIA VIP,50,4/12/2025
8486640,MEMBRESIA ESTANDAR,15,4/12/2025
81638936,MEMBRESIA PREMIUM,30,4/12/2025
823394,MEMBRESIA PREMIUM,30,4/12/2025
98757405,MEMBRESIA PREMIUM,30,4/12/2025
31839446,MEMBRESIA PREMIUM,30,4/12/2025
10642465,MEMBRESIA PREMIUM,30,4/12/2025
5537253,MEMBRESIA VIP,50,4/12/2025
72193729,MEMBRESIA ESTANDAR,15,4/12/2025
24172510,MEMBRESIA PREMIUM,30,4/12/2025
48690537,MEMBRESIA PREMIUM,30,4/12/2025
2234398,MEMBRESIA PREMIUM,30,4/12/2025
84686620,MEMBRESIA VIP,50,4/12/2025
11756345,MEMBRESIA PREMIUM,30,4/12/2025
51367314,MEMBRESIA PREMIUM,30,4/12/2025
72647822,MEMBRESIA VIP,50,4/12/2025
